{
  "q50": 0.7849850994060981,
  "q95": 0.9511071405091708,
  "note": "vNEXT-ollama compat"
}