{
  "q50": 0.639553369559691,
  "q95": 0.7027594946538481,
  "source": "exp_vnext_re30 baseline pi_raw",
  "n_pi_raw": 15379
}