pillar,n_seeds,collapse_rate_baseline,collapse_rate_controlled,delta_collapse,delta_collapse_ci_low,delta_collapse_ci_high,RR_collapse,RR_collapse_ci_low,RR_collapse_ci_high,OR_collapse,OR_collapse_ci_low,OR_collapse_ci_high,intervene_rate_primary,intervene_density_secondary,runtime_sec_baseline,runtime_sec_controlled,delta_runtime_sec,extra_tokens_due_to_intervention_mean
ETH,30,0.966667,0.0,-0.966667,-1.0,-0.9,0.0,0.0,0.0,0.000834,0.000269,0.002086,0.966667,0.031453,7.6444,14.5519,6.9075,17.666667
HUM,30,1.0,0.033333,-0.966667,-1.0,-0.9,0.033333,0.0,0.1,0.000834,0.000269,0.002086,0.966667,0.035476,4.7845,13.31,8.5255,26.266667
META,30,0.933333,0.066667,-0.866667,-0.966667,-0.733333,0.071429,0.0,0.178571,0.007695,0.000834,0.027996,0.9,0.031909,7.3631,13.4743,6.1112,24.966667
STEM,30,0.933333,0.0,-0.933333,-1.0,-0.833333,0.0,0.0,0.0,0.001438,0.000269,0.003536,0.933333,0.030636,5.8429,16.4505,10.6076,27.366667
TEMP,30,0.9,0.2,-0.7,-0.866667,-0.5,0.222222,0.071429,0.4,0.033766,0.004349,0.101856,0.733333,0.033917,4.0834,7.1195,3.0361,23.666667
